{
  "configVersion": 1,
  "timestamp": 1598920790971,
  "index": "/index.html",
  "assetGroups": [
    {
      "name": "app",
      "installMode": "prefetch",
      "updateMode": "prefetch",
      "cacheQueryOptions": {
        "ignoreVary": true
      },
      "urls": [
        "/favicon.ico",
        "/index.html",
        "/main.65a42527068f51f14f3f.js",
        "/manifest.webmanifest",
        "/polyfills.a4021de53358bb0fec14.js",
        "/runtime.e227d1a0e31cbccbf8ec.js",
        "/styles.d90df1a44f224b67fb86.css"
      ],
      "patterns": []
    },
    {
      "name": "assets",
      "installMode": "lazy",
      "updateMode": "prefetch",
      "cacheQueryOptions": {
        "ignoreVary": true
      },
      "urls": [
        "/assets/icons/icon-128x128.png",
        "/assets/icons/icon-144x144.png",
        "/assets/icons/icon-152x152.png",
        "/assets/icons/icon-192x192.png",
        "/assets/icons/icon-384x384.png",
        "/assets/icons/icon-512x512.png",
        "/assets/icons/icon-72x72.png",
        "/assets/icons/icon-96x96.png",
        "/assets/images/garden_cart.png",
        "/assets/images/hammer.png",
        "/assets/images/leaf_rake.png",
        "/assets/images/logo.jpg",
        "/assets/images/saw.png",
        "/assets/images/xbox-controller.png",
        "/fontawesome-webfont.1e59d2330b4c6deb84b3.ttf",
        "/fontawesome-webfont.20fd1704ea223900efa9.woff2",
        "/fontawesome-webfont.8b43027f47b20503057d.eot",
        "/fontawesome-webfont.c1e38fd9e0e74ba58f7a.svg",
        "/fontawesome-webfont.f691f37e57f04c152e23.woff"
      ],
      "patterns": []
    }
  ],
  "dataGroups": [
    {
      "name": "api-performance",
      "patterns": [
        "\\/api\\/tst"
      ],
      "strategy": "performance",
      "maxSize": 100,
      "maxAge": 86400000,
      "timeoutMs": 1000,
      "cacheQueryOptions": {
        "ignoreVary": true
      },
      "version": 1
    }
  ],
  "hashTable": {
    "/assets/icons/icon-128x128.png": "7a038133a23af8f2fd63f4793e1917ca43181faa",
    "/assets/icons/icon-144x144.png": "45ad1cd1de99b1f5562ec52e8bbd78e3a8aa0618",
    "/assets/icons/icon-152x152.png": "be265ea4182663613cd589b790d0fa29c2f3be1c",
    "/assets/icons/icon-192x192.png": "0e254ad6f94dcc374a956635ae63f7301b35c33e",
    "/assets/icons/icon-384x384.png": "6f97769b0bff0568b7343ab53151099096a87f12",
    "/assets/icons/icon-512x512.png": "9afce6e4a45fc2b23971687079848eaba6dec811",
    "/assets/icons/icon-72x72.png": "3e16042d6bce7dcca4036b91bfaf7652f638c73d",
    "/assets/icons/icon-96x96.png": "270f954f9bf55e86118ea442f8e085efc81dbb99",
    "/assets/images/garden_cart.png": "27cebcdd77aa5c6e77aa9e4dfa6ab5cff6711e26",
    "/assets/images/hammer.png": "ed48ca251256afe531e01d394520fc9d3fa5aa78",
    "/assets/images/leaf_rake.png": "adeaccc86a554456a3c273a52a3c8d8091d1bd49",
    "/assets/images/logo.jpg": "07af48a6338a1a07b0ba778b109e6d00a2eb55fa",
    "/assets/images/saw.png": "0209beaaa08eba7907971c34eceb4a7ff3588da2",
    "/assets/images/xbox-controller.png": "dd47287d65fdae7f21888024fc3c423007687c6a",
    "/favicon.ico": "a62687b3d5bc05f0c2cae3b1a0606c37777a21e3",
    "/fontawesome-webfont.1e59d2330b4c6deb84b3.ttf": "13b1eab65a983c7a73bc7997c479d66943f7c6cb",
    "/fontawesome-webfont.20fd1704ea223900efa9.woff2": "d6f48cba7d076fb6f2fd6ba993a75b9dc1ecbf0c",
    "/fontawesome-webfont.8b43027f47b20503057d.eot": "d980c2ce873dc43af460d4d572d441304499f400",
    "/fontawesome-webfont.c1e38fd9e0e74ba58f7a.svg": "98a8aa5cf7d62c2eff5f07ede8d844b874ef06ed",
    "/fontawesome-webfont.f691f37e57f04c152e23.woff": "28b782240b3e76db824e12c02754a9731a167527",
    "/index.html": "2bdc18e89a44caf6541169ad21d8dbb66bf23901",
    "/main.65a42527068f51f14f3f.js": "49a64744efbf726ba5e89a46eb93d741405f77ce",
    "/manifest.webmanifest": "e71b02c68f6d6c347a7fe59e12fdd7c364d3f80e",
    "/polyfills.a4021de53358bb0fec14.js": "b47435a9ef2a4829f2f9dfd35599bde3614981b1",
    "/runtime.e227d1a0e31cbccbf8ec.js": "a9aafcf49f49145093fc831efd9b8e2f6c71bb9c",
    "/styles.d90df1a44f224b67fb86.css": "a5a37557c95bfd7f7840a49ab88b23cc42ba67d6"
  },
  "navigationUrls": [
    {
      "positive": true,
      "regex": "^\\/.*$"
    },
    {
      "positive": false,
      "regex": "^\\/(?:.+\\/)?[^/]*\\.[^/]*$"
    },
    {
      "positive": false,
      "regex": "^\\/(?:.+\\/)?[^/]*__[^/]*$"
    },
    {
      "positive": false,
      "regex": "^\\/(?:.+\\/)?[^/]*__[^/]*\\/.*$"
    }
  ]
}